<?xml version="1.0"?>
<objects>
<!-- ('', 'zport', 'dmd', 'Devices', 'rrdTemplates', 'NtpMonitor') -->
<object id='/zport/dmd/Devices/rrdTemplates/NtpMonitor' module='Products.ZenModel.RRDTemplate' class='RRDTemplate'>
<property type="text" id="description" mode="w" >
Monitors NTP offset
</property>
<property type="string" id="targetPythonClass" mode="w" >
Products.ZenModel.Device
</property>
<tomanycont id='datasources'>
<object id='NtpMonitor' module='ZenPacks.zenoss.NtpMonitor.datasources.NtpMonitorDataSource' class='NtpMonitorDataSource'>
<property select_variable="sourcetypes" type="selection" id="sourcetype" mode="w" >
NtpMonitor
</property>
<property type="boolean" id="enabled" mode="w" >
True
</property>
<property type="string" id="component" mode="w" >
NtpMonitor
</property>
<property type="string" id="eventClass" mode="w" >
/Status/Ntp
</property>
<property type="int" id="severity" mode="w" >
3
</property>
<property type="int" id="cycletime" mode="w" >
300
</property>
<property type="string" id="hostname" mode="w" >
${dev/id}
</property>
<property type="int" id="port" mode="w" >
123
</property>
<property type="int" id="timeout" mode="w" >
60
</property>
<tomanycont id='datapoints'>
<object id='offset' module='Products.ZenModel.RRDDataPoint' class='RRDDataPoint'>
<property type="text" id="zendoc" mode="w" >
The difference between the reference time and the system clock.
</property>
<property select_variable="rrdtypes" type="selection" id="rrdtype" mode="w" >
GAUGE
</property>
<property type="boolean" id="isrow" mode="w" >
True
</property>
</object>
</tomanycont>
</object>
</tomanycont>
<tomanycont id='graphDefs'>
<object id='offset' module='Products.ZenModel.GraphDefinition' class='GraphDefinition'>
<property type="int" id="height" mode="w" >
100
</property>
<property type="int" id="width" mode="w" >
500
</property>
<property type="boolean" id="log" mode="w" >
False
</property>
<property type="boolean" id="base" mode="w" >
False
</property>
<property type="int" id="miny" mode="w" >
-1
</property>
<property type="int" id="maxy" mode="w" >
-1
</property>
<property type="boolean" id="hasSummary" mode="w" >
True
</property>
<tomanycont id='graphPoints'>
<object id='offset' module='Products.ZenModel.DataPointGraphPoint' class='DataPointGraphPoint'>
<property select_variable="lineTypes" type="selection" id="lineType" mode="w" >
LINE
</property>
<property type="long" id="lineWidth" mode="w" >
1
</property>
<property type="boolean" id="stacked" mode="w" >
False
</property>
<property type="string" id="format" mode="w" >
%5.2lf%s
</property>
<property type="string" id="legend" mode="w" >
${graphPoint/id}
</property>
<property type="long" id="limit" mode="w" >
-1
</property>
<property type="string" id="dpName" mode="w" >
NtpMonitor_offset
</property>
<property type="string" id="cFunc" mode="w" >
AVERAGE
</property>
</object>
</tomanycont>
</object>
</tomanycont>
</object>
<!-- ('', 'zport', 'dmd', 'Events', 'Status', 'Ntp') -->
<object id='/zport/dmd/Events/Status/Ntp' module='Products.ZenEvents.EventClass' class='EventClass'>
</object>
</objects>
