<?xml version="1.0" encoding="UTF-8"?>
<assembly xmlns="http://maven.apache.org/plugins/maven-assembly-plugin/assembly/1.1.2"
    xmlns:xsi="http://www.w3.org/2001/XMLSchema-instance"
    xsi:schemaLocation="http://maven.apache.org/plugins/maven-assembly-plugin/assembly/1.1.2 http://maven.apache.org/xsd/assembly-1.1.2.xsd">
  <id>bin</id>
  <includeBaseDirectory>false</includeBaseDirectory>

  <formats>
    <format>tar.gz</format>
    <format>zip</format>
  </formats>

  <dependencySets>
    <dependencySet>
      <includes>
        <include>zenoss.zenpacks:zenjmx:jar</include>
      </includes>
      <useProjectArtifact>true</useProjectArtifact>
      <unpack>false</unpack>
      <outputDirectory>.</outputDirectory>
      <useTransitiveDependencies>false</useTransitiveDependencies>
      <outputFileNameMapping>zenjmx.jar</outputFileNameMapping>
    </dependencySet>
    <dependencySet>
      <useProjectArtifact>false</useProjectArtifact>
      <unpack>false</unpack>
      <outputDirectory>.</outputDirectory>
      <useTransitiveFiltering>true</useTransitiveFiltering>
      <useStrictFiltering>true</useStrictFiltering>
    </dependencySet>
  </dependencySets>
</assembly>
