<?xml version="1.0"?>
<objects>
<!-- ('', 'zport', 'dmd', 'Devices', 'rrdTemplates', 'Java') -->
<object id='/zport/dmd/Devices/rrdTemplates/Java' module='Products.ZenModel.RRDTemplate' class='RRDTemplate'>
<property type="string" id="targetPythonClass" mode="w" >
Products.ZenModel.Device
</property>
<tomanycont id='datasources'>
<object id='Heap Memory' module='ZenPacks.zenoss.ZenJMX.datasources.JMXDataSource' class='JMXDataSource'>
<property select_variable="sourcetypes" type="selection" id="sourcetype" mode="w" >
JMX
</property>
<property type="boolean" id="enabled" mode="w" >
True
</property>
<property type="string" id="component" mode="w" >
JMX
</property>
<property type="string" id="eventClass" mode="w" >
/Status/JMX
</property>
<property type="int" id="severity" mode="w" >
3
</property>
<property type="int" id="cycletime" mode="w" >
300
</property>
<property type="string" id="jmxProtocol" mode="w" >
RMI
</property>
<property type="string" id="rmiContext" mode="w" >
jmxrmi
</property>
<property type="string" id="objectName" mode="w" >
java.lang:type=Memory
</property>
<property type="string" id="attributeName" mode="w" >
HeapMemoryUsage
</property>
<tomanycont id='datapoints'>
<object id='committed' module='Products.ZenModel.RRDDataPoint' class='RRDDataPoint'>
<property type="text" id="zendoc" mode="w" >
Returns the current amount of memory (in bytes) of the heap that is guaranteed to be available for use by the Java virtual machine.
</property>
<property select_variable="rrdtypes" type="selection" id="rrdtype" mode="w" >
GAUGE
</property>
<property type="boolean" id="isrow" mode="w" >
True
</property>
</object>
<object id='used' module='Products.ZenModel.RRDDataPoint' class='RRDDataPoint'>
<property type="text" id="zendoc" mode="w" >
Returns the current memory usage of the heap that is used for object allocation.
</property>
<property select_variable="rrdtypes" type="selection" id="rrdtype" mode="w" >
GAUGE
</property>
<property type="boolean" id="isrow" mode="w" >
True
</property>
</object>
</tomanycont>
</object>
<object id='Non-Heap Memory' module='ZenPacks.zenoss.ZenJMX.datasources.JMXDataSource' class='JMXDataSource'>
<property select_variable="sourcetypes" type="selection" id="sourcetype" mode="w" >
JMX
</property>
<property type="boolean" id="enabled" mode="w" >
True
</property>
<property type="string" id="component" mode="w" >
JMX
</property>
<property type="string" id="eventClass" mode="w" >
/Status/JMX
</property>
<property type="int" id="severity" mode="w" >
3
</property>
<property type="int" id="cycletime" mode="w" >
300
</property>
<property type="string" id="jmxProtocol" mode="w" >
RMI
</property>
<property type="string" id="rmiContext" mode="w" >
jmxrmi
</property>
<property type="string" id="objectName" mode="w" >
java.lang:type=Memory
</property>
<property type="string" id="attributeName" mode="w" >
NonHeapMemoryUsage
</property>
<tomanycont id='datapoints'>
<object id='committed' module='Products.ZenModel.RRDDataPoint' class='RRDDataPoint'>
<property type="text" id="zendoc" mode="w" >
Returns the current amount of memory (in bytes) of the non-heap that is guaranteed to be available for use by the Java virtual machine.
</property>
<property select_variable="rrdtypes" type="selection" id="rrdtype" mode="w" >
GAUGE
</property>
<property type="boolean" id="isrow" mode="w" >
True
</property>
</object>
<object id='used' module='Products.ZenModel.RRDDataPoint' class='RRDDataPoint'>
<property type="text" id="zendoc" mode="w" >
Returns the current memory usage of non-heap memory that is used by the Java virtual machine
</property>
<property select_variable="rrdtypes" type="selection" id="rrdtype" mode="w" >
GAUGE
</property>
<property type="boolean" id="isrow" mode="w" >
True
</property>
</object>
</tomanycont>
</object>
<object id='Open File Descriptors' module='ZenPacks.zenoss.ZenJMX.datasources.JMXDataSource' class='JMXDataSource'>
<property select_variable="sourcetypes" type="selection" id="sourcetype" mode="w" >
JMX
</property>
<property type="boolean" id="enabled" mode="w" >
True
</property>
<property type="string" id="component" mode="w" >
JMX
</property>
<property type="string" id="eventClass" mode="w" >
/Status/JMX
</property>
<property type="int" id="severity" mode="w" >
3
</property>
<property type="int" id="cycletime" mode="w" >
300
</property>
<property type="string" id="jmxProtocol" mode="w" >
RMI
</property>
<property type="string" id="rmiContext" mode="w" >
jmxrmi
</property>
<property type="string" id="objectName" mode="w" >
java.lang:type=OperatingSystem
</property>
<property type="string" id="attributeName" mode="w" >
OpenFileDescriptorCount
</property>
<tomanycont id='datapoints'>
<object id='OpenFileDescriptorCount' module='Products.ZenModel.RRDDataPoint' class='RRDDataPoint'>
<property type="text" id="zendoc" mode="w" >
The number of open file descriptors the JVM is working
</property>
<property select_variable="rrdtypes" type="selection" id="rrdtype" mode="w" >
GAUGE
</property>
<property type="boolean" id="isrow" mode="w" >
True
</property>
</object>
</tomanycont>
</object>
<object id='Thread Count' module='ZenPacks.zenoss.ZenJMX.datasources.JMXDataSource' class='JMXDataSource'>
<property select_variable="sourcetypes" type="selection" id="sourcetype" mode="w" >
JMX
</property>
<property type="boolean" id="enabled" mode="w" >
True
</property>
<property type="string" id="component" mode="w" >
JMX
</property>
<property type="string" id="eventClass" mode="w" >
/Status/JMX
</property>
<property type="int" id="severity" mode="w" >
3
</property>
<property type="int" id="cycletime" mode="w" >
300
</property>
<property type="string" id="jmxProtocol" mode="w" >
RMI
</property>
<property type="string" id="rmiContext" mode="w" >
jmxrmi
</property>
<property type="string" id="objectName" mode="w" >
java.lang:type=Threading
</property>
<property type="string" id="attributeName" mode="w" >
ThreadCount
</property>
<tomanycont id='datapoints'>
<object id='ThreadCount' module='Products.ZenModel.RRDDataPoint' class='RRDDataPoint'>
<property type="text" id="zendoc" mode="w" >
Returns the current number of live threads including both daemon and non-daemon threads
</property>
<property select_variable="rrdtypes" type="selection" id="rrdtype" mode="w" >
GAUGE
</property>
<property type="boolean" id="isrow" mode="w" >
True
</property>
</object>
</tomanycont>
</object>
</tomanycont>
<tomanycont id='graphDefs'>
<object id='Heap Memory' module='Products.ZenModel.GraphDefinition' class='GraphDefinition'>
<property type="int" id="height" mode="w" >
100
</property>
<property type="int" id="width" mode="w" >
500
</property>
<property type="boolean" id="log" mode="w" >
False
</property>
<property type="boolean" id="base" mode="w" >
False
</property>
<property type="int" id="miny" mode="w" >
-1
</property>
<property type="int" id="maxy" mode="w" >
-1
</property>
<property type="boolean" id="hasSummary" mode="w" >
True
</property>
<property type="long" id="sequence" mode="w" >
1
</property>
<tomanycont id='graphPoints'>
<object id='Heap Memory_committed' module='Products.ZenModel.DataPointGraphPoint' class='DataPointGraphPoint'>
<property select_variable="lineTypes" type="selection" id="lineType" mode="w" >
LINE
</property>
<property type="long" id="lineWidth" mode="w" >
1
</property>
<property type="boolean" id="stacked" mode="w" >
False
</property>
<property type="string" id="format" mode="w" >
%5.2lf%s
</property>
<property type="string" id="legend" mode="w" >
${graphPoint/id}
</property>
<property type="long" id="limit" mode="w" >
-1
</property>
<property type="string" id="dpName" mode="w" >
Heap Memory_committed
</property>
<property type="string" id="cFunc" mode="w" >
AVERAGE
</property>
</object>
<object id='Heap Memory_used' module='Products.ZenModel.DataPointGraphPoint' class='DataPointGraphPoint'>
<property type="long" id="sequence" mode="w" >
1
</property>
<property select_variable="lineTypes" type="selection" id="lineType" mode="w" >
LINE
</property>
<property type="long" id="lineWidth" mode="w" >
1
</property>
<property type="boolean" id="stacked" mode="w" >
False
</property>
<property type="string" id="format" mode="w" >
%5.2lf%s
</property>
<property type="string" id="legend" mode="w" >
${graphPoint/id}
</property>
<property type="long" id="limit" mode="w" >
-1
</property>
<property type="string" id="dpName" mode="w" >
Heap Memory_used
</property>
<property type="string" id="cFunc" mode="w" >
AVERAGE
</property>
</object>
</tomanycont>
</object>
<object id='Non-Heap Memory' module='Products.ZenModel.GraphDefinition' class='GraphDefinition'>
<property type="int" id="height" mode="w" >
100
</property>
<property type="int" id="width" mode="w" >
500
</property>
<property type="boolean" id="log" mode="w" >
False
</property>
<property type="boolean" id="base" mode="w" >
False
</property>
<property type="int" id="miny" mode="w" >
-1
</property>
<property type="int" id="maxy" mode="w" >
-1
</property>
<property type="boolean" id="hasSummary" mode="w" >
True
</property>
<tomanycont id='graphPoints'>
<object id='Non-Heap Memory_committed' module='Products.ZenModel.DataPointGraphPoint' class='DataPointGraphPoint'>
<property select_variable="lineTypes" type="selection" id="lineType" mode="w" >
LINE
</property>
<property type="long" id="lineWidth" mode="w" >
1
</property>
<property type="boolean" id="stacked" mode="w" >
False
</property>
<property type="string" id="format" mode="w" >
%5.2lf%s
</property>
<property type="string" id="legend" mode="w" >
${graphPoint/id}
</property>
<property type="long" id="limit" mode="w" >
-1
</property>
<property type="string" id="dpName" mode="w" >
Non-Heap Memory_committed
</property>
<property type="string" id="cFunc" mode="w" >
AVERAGE
</property>
</object>
<object id='Non-Heap Memory_used' module='Products.ZenModel.DataPointGraphPoint' class='DataPointGraphPoint'>
<property type="long" id="sequence" mode="w" >
1
</property>
<property select_variable="lineTypes" type="selection" id="lineType" mode="w" >
LINE
</property>
<property type="long" id="lineWidth" mode="w" >
1
</property>
<property type="boolean" id="stacked" mode="w" >
False
</property>
<property type="string" id="format" mode="w" >
%5.2lf%s
</property>
<property type="string" id="legend" mode="w" >
${graphPoint/id}
</property>
<property type="long" id="limit" mode="w" >
-1
</property>
<property type="string" id="dpName" mode="w" >
Non-Heap Memory_used
</property>
<property type="string" id="cFunc" mode="w" >
AVERAGE
</property>
</object>
</tomanycont>
</object>
<object id='Open File Descriptors' module='Products.ZenModel.GraphDefinition' class='GraphDefinition'>
<property type="int" id="height" mode="w" >
100
</property>
<property type="int" id="width" mode="w" >
500
</property>
<property type="boolean" id="log" mode="w" >
False
</property>
<property type="boolean" id="base" mode="w" >
False
</property>
<property type="int" id="miny" mode="w" >
-1
</property>
<property type="int" id="maxy" mode="w" >
-1
</property>
<property type="boolean" id="hasSummary" mode="w" >
True
</property>
<property type="long" id="sequence" mode="w" >
2
</property>
<tomanycont id='graphPoints'>
<object id='Open File Descriptors_OpenFileDescriptorCount' module='Products.ZenModel.DataPointGraphPoint' class='DataPointGraphPoint'>
<property select_variable="lineTypes" type="selection" id="lineType" mode="w" >
LINE
</property>
<property type="long" id="lineWidth" mode="w" >
1
</property>
<property type="boolean" id="stacked" mode="w" >
False
</property>
<property type="string" id="format" mode="w" >
%5.2lf%s
</property>
<property type="string" id="legend" mode="w" >
${graphPoint/id}
</property>
<property type="long" id="limit" mode="w" >
-1
</property>
<property type="string" id="dpName" mode="w" >
Open File Descriptors_OpenFileDescriptorCount
</property>
<property type="string" id="cFunc" mode="w" >
AVERAGE
</property>
</object>
</tomanycont>
</object>
<object id='Thread Count' module='Products.ZenModel.GraphDefinition' class='GraphDefinition'>
<property type="int" id="height" mode="w" >
100
</property>
<property type="int" id="width" mode="w" >
500
</property>
<property type="boolean" id="log" mode="w" >
False
</property>
<property type="boolean" id="base" mode="w" >
False
</property>
<property type="int" id="miny" mode="w" >
-1
</property>
<property type="int" id="maxy" mode="w" >
-1
</property>
<property type="boolean" id="hasSummary" mode="w" >
True
</property>
<property type="long" id="sequence" mode="w" >
3
</property>
<tomanycont id='graphPoints'>
<object id='Thread Count_ThreadCount' module='Products.ZenModel.DataPointGraphPoint' class='DataPointGraphPoint'>
<property select_variable="lineTypes" type="selection" id="lineType" mode="w" >
LINE
</property>
<property type="long" id="lineWidth" mode="w" >
1
</property>
<property type="boolean" id="stacked" mode="w" >
False
</property>
<property type="string" id="format" mode="w" >
%5.2lf%s
</property>
<property type="string" id="legend" mode="w" >
${graphPoint/id}
</property>
<property type="long" id="limit" mode="w" >
-1
</property>
<property type="string" id="dpName" mode="w" >
Thread Count_ThreadCount
</property>
<property type="string" id="cFunc" mode="w" >
AVERAGE
</property>
</object>
</tomanycont>
</object>
</tomanycont>
</object>
<!-- ('', 'zport', 'dmd', 'Devices', 'rrdTemplates', 'ZenJMX') -->
<object id='/zport/dmd/Devices/rrdTemplates/ZenJMX' module='Products.ZenModel.RRDTemplate' class='RRDTemplate'>
<property type="string" id="targetPythonClass" mode="w" >
Products.ZenModel.Device
</property>
<tomanycont id='datasources'>
<object id='ZenJMX Heap Memory' module='ZenPacks.zenoss.ZenJMX.datasources.JMXDataSource' class='JMXDataSource'>
<property select_variable="sourcetypes" type="selection" id="sourcetype" mode="w" >
JMX
</property>
<property type="boolean" id="enabled" mode="w" >
True
</property>
<property type="string" id="component" mode="w" >
JMX
</property>
<property type="string" id="eventClass" mode="w" >
/Status/JMX
</property>
<property type="int" id="severity" mode="w" >
3
</property>
<property type="int" id="cycletime" mode="w" >
300
</property>
<property type="string" id="jmxProtocol" mode="w" >
RMI
</property>
<property type="string" id="rmiContext" mode="w" >
jmxrmi
</property>
<property type="string" id="objectName" mode="w" >
java.lang:type=Memory
</property>
<property type="string" id="attributeName" mode="w" >
HeapMemoryUsage
</property>
<tomanycont id='datapoints'>
<object id='committed' module='Products.ZenModel.RRDDataPoint' class='RRDDataPoint'>
<property type="text" id="zendoc" mode="w" >
Returns the current amount of memory (in bytes) of the heap that is guaranteed to be available for use by the Java virtual machine.
</property>
<property select_variable="rrdtypes" type="selection" id="rrdtype" mode="w" >
GAUGE
</property>
<property type="boolean" id="isrow" mode="w" >
True
</property>
</object>
<object id='used' module='Products.ZenModel.RRDDataPoint' class='RRDDataPoint'>
<property type="text" id="zendoc" mode="w" >
Returns the current memory usage of the heap that is used for object allocation.
</property>
<property select_variable="rrdtypes" type="selection" id="rrdtype" mode="w" >
GAUGE
</property>
<property type="boolean" id="isrow" mode="w" >
True
</property>
</object>
</tomanycont>
</object>
<object id='ZenJMX Non-Heap Memory' module='ZenPacks.zenoss.ZenJMX.datasources.JMXDataSource' class='JMXDataSource'>
<property select_variable="sourcetypes" type="selection" id="sourcetype" mode="w" >
JMX
</property>
<property type="boolean" id="enabled" mode="w" >
True
</property>
<property type="string" id="component" mode="w" >
JMX
</property>
<property type="string" id="eventClass" mode="w" >
/Status/JMX
</property>
<property type="int" id="severity" mode="w" >
3
</property>
<property type="int" id="cycletime" mode="w" >
300
</property>
<property type="string" id="jmxProtocol" mode="w" >
RMI
</property>
<property type="string" id="rmiContext" mode="w" >
jmxrmi
</property>
<property type="string" id="objectName" mode="w" >
java.lang:type=Memory
</property>
<property type="string" id="attributeName" mode="w" >
NonHeapMemoryUsage
</property>
<tomanycont id='datapoints'>
<object id='committed' module='Products.ZenModel.RRDDataPoint' class='RRDDataPoint'>
<property type="text" id="zendoc" mode="w" >
Returns the current amount of memory (in bytes) of the non-heap that is guaranteed to be available for use by the Java virtual machine.
</property>
<property select_variable="rrdtypes" type="selection" id="rrdtype" mode="w" >
GAUGE
</property>
<property type="boolean" id="isrow" mode="w" >
True
</property>
</object>
<object id='used' module='Products.ZenModel.RRDDataPoint' class='RRDDataPoint'>
<property type="text" id="zendoc" mode="w" >
Returns the current memory usage of non-heap memory that is used by the Java virtual machine
</property>
<property select_variable="rrdtypes" type="selection" id="rrdtype" mode="w" >
GAUGE
</property>
<property type="boolean" id="isrow" mode="w" >
True
</property>
</object>
</tomanycont>
</object>
<object id='ZenJMX Open File Descriptors' module='ZenPacks.zenoss.ZenJMX.datasources.JMXDataSource' class='JMXDataSource'>
<property select_variable="sourcetypes" type="selection" id="sourcetype" mode="w" >
JMX
</property>
<property type="boolean" id="enabled" mode="w" >
True
</property>
<property type="string" id="component" mode="w" >
JMX
</property>
<property type="string" id="eventClass" mode="w" >
/Status/JMX
</property>
<property type="int" id="severity" mode="w" >
3
</property>
<property type="int" id="cycletime" mode="w" >
300
</property>
<property type="string" id="jmxProtocol" mode="w" >
RMI
</property>
<property type="string" id="rmiContext" mode="w" >
jmxrmi
</property>
<property type="string" id="objectName" mode="w" >
java.lang:type=OperatingSystem
</property>
<property type="string" id="attributeName" mode="w" >
OpenFileDescriptorCount
</property>
<tomanycont id='datapoints'>
<object id='OpenFileDescriptorCount' module='Products.ZenModel.RRDDataPoint' class='RRDDataPoint'>
<property type="text" id="zendoc" mode="w" >
The number of open file descriptors the JVM is working
</property>
<property select_variable="rrdtypes" type="selection" id="rrdtype" mode="w" >
GAUGE
</property>
<property type="boolean" id="isrow" mode="w" >
True
</property>
</object>
</tomanycont>
</object>
<object id='ZenJMX Thread Count' module='ZenPacks.zenoss.ZenJMX.datasources.JMXDataSource' class='JMXDataSource'>
<property select_variable="sourcetypes" type="selection" id="sourcetype" mode="w" >
JMX
</property>
<property type="boolean" id="enabled" mode="w" >
True
</property>
<property type="string" id="component" mode="w" >
JMX
</property>
<property type="string" id="eventClass" mode="w" >
/Status/JMX
</property>
<property type="int" id="severity" mode="w" >
3
</property>
<property type="int" id="cycletime" mode="w" >
300
</property>
<property type="string" id="jmxProtocol" mode="w" >
RMI
</property>
<property type="string" id="rmiContext" mode="w" >
jmxrmi
</property>
<property type="string" id="objectName" mode="w" >
java.lang:type=Threading
</property>
<property type="string" id="attributeName" mode="w" >
ThreadCount
</property>
<tomanycont id='datapoints'>
<object id='ThreadCount' module='Products.ZenModel.RRDDataPoint' class='RRDDataPoint'>
<property type="text" id="zendoc" mode="w" >
Returns the current number of live threads including both daemon and non-daemon threads
</property>
<property select_variable="rrdtypes" type="selection" id="rrdtype" mode="w" >
GAUGE
</property>
<property type="boolean" id="isrow" mode="w" >
True
</property>
</object>
</tomanycont>
</object>
</tomanycont>
<tomanycont id='graphDefs'>
<object id='ZenJMX Heap Memory' module='Products.ZenModel.GraphDefinition' class='GraphDefinition'>
<property type="int" id="height" mode="w" >
100
</property>
<property type="int" id="width" mode="w" >
500
</property>
<property type="boolean" id="log" mode="w" >
False
</property>
<property type="boolean" id="base" mode="w" >
False
</property>
<property type="int" id="miny" mode="w" >
-1
</property>
<property type="int" id="maxy" mode="w" >
-1
</property>
<property type="boolean" id="hasSummary" mode="w" >
True
</property>
<property type="long" id="sequence" mode="w" >
1
</property>
<tomanycont id='graphPoints'>
<object id='ZenJMX Heap Memory_committed' module='Products.ZenModel.DataPointGraphPoint' class='DataPointGraphPoint'>
<property select_variable="lineTypes" type="selection" id="lineType" mode="w" >
LINE
</property>
<property type="long" id="lineWidth" mode="w" >
1
</property>
<property type="boolean" id="stacked" mode="w" >
False
</property>
<property type="string" id="format" mode="w" >
%5.2lf%s
</property>
<property type="string" id="legend" mode="w" >
${graphPoint/id}
</property>
<property type="long" id="limit" mode="w" >
-1
</property>
<property type="string" id="dpName" mode="w" >
ZenJMX Heap Memory_committed
</property>
<property type="string" id="cFunc" mode="w" >
AVERAGE
</property>
</object>
<object id='ZenJMX Heap Memory_used' module='Products.ZenModel.DataPointGraphPoint' class='DataPointGraphPoint'>
<property type="long" id="sequence" mode="w" >
1
</property>
<property select_variable="lineTypes" type="selection" id="lineType" mode="w" >
LINE
</property>
<property type="long" id="lineWidth" mode="w" >
1
</property>
<property type="boolean" id="stacked" mode="w" >
False
</property>
<property type="string" id="format" mode="w" >
%5.2lf%s
</property>
<property type="string" id="legend" mode="w" >
${graphPoint/id}
</property>
<property type="long" id="limit" mode="w" >
-1
</property>
<property type="string" id="dpName" mode="w" >
ZenJMX Heap Memory_used
</property>
<property type="string" id="cFunc" mode="w" >
AVERAGE
</property>
</object>
</tomanycont>
</object>
<object id='ZenJMX Non-Heap Memory' module='Products.ZenModel.GraphDefinition' class='GraphDefinition'>
<property type="int" id="height" mode="w" >
100
</property>
<property type="int" id="width" mode="w" >
500
</property>
<property type="boolean" id="log" mode="w" >
False
</property>
<property type="boolean" id="base" mode="w" >
False
</property>
<property type="int" id="miny" mode="w" >
-1
</property>
<property type="int" id="maxy" mode="w" >
-1
</property>
<property type="boolean" id="hasSummary" mode="w" >
True
</property>
<tomanycont id='graphPoints'>
<object id='ZenJMX Non-Heap Memory_committed' module='Products.ZenModel.DataPointGraphPoint' class='DataPointGraphPoint'>
<property select_variable="lineTypes" type="selection" id="lineType" mode="w" >
LINE
</property>
<property type="long" id="lineWidth" mode="w" >
1
</property>
<property type="boolean" id="stacked" mode="w" >
False
</property>
<property type="string" id="format" mode="w" >
%5.2lf%s
</property>
<property type="string" id="legend" mode="w" >
${graphPoint/id}
</property>
<property type="long" id="limit" mode="w" >
-1
</property>
<property type="string" id="dpName" mode="w" >
ZenJMX Non-Heap Memory_committed
</property>
<property type="string" id="cFunc" mode="w" >
AVERAGE
</property>
</object>
<object id='ZenJMX Non-Heap Memory_used' module='Products.ZenModel.DataPointGraphPoint' class='DataPointGraphPoint'>
<property type="long" id="sequence" mode="w" >
1
</property>
<property select_variable="lineTypes" type="selection" id="lineType" mode="w" >
LINE
</property>
<property type="long" id="lineWidth" mode="w" >
1
</property>
<property type="boolean" id="stacked" mode="w" >
False
</property>
<property type="string" id="format" mode="w" >
%5.2lf%s
</property>
<property type="string" id="legend" mode="w" >
${graphPoint/id}
</property>
<property type="long" id="limit" mode="w" >
-1
</property>
<property type="string" id="dpName" mode="w" >
ZenJMX Non-Heap Memory_used
</property>
<property type="string" id="cFunc" mode="w" >
AVERAGE
</property>
</object>
</tomanycont>
</object>
<object id='ZenJMX Open File Descriptors' module='Products.ZenModel.GraphDefinition' class='GraphDefinition'>
<property type="int" id="height" mode="w" >
100
</property>
<property type="int" id="width" mode="w" >
500
</property>
<property type="boolean" id="log" mode="w" >
False
</property>
<property type="boolean" id="base" mode="w" >
False
</property>
<property type="int" id="miny" mode="w" >
-1
</property>
<property type="int" id="maxy" mode="w" >
-1
</property>
<property type="boolean" id="hasSummary" mode="w" >
True
</property>
<property type="long" id="sequence" mode="w" >
2
</property>
<tomanycont id='graphPoints'>
<object id='ZenJMX Open File Descriptors_OpenFileDescriptorCount' module='Products.ZenModel.DataPointGraphPoint' class='DataPointGraphPoint'>
<property select_variable="lineTypes" type="selection" id="lineType" mode="w" >
LINE
</property>
<property type="long" id="lineWidth" mode="w" >
1
</property>
<property type="boolean" id="stacked" mode="w" >
False
</property>
<property type="string" id="format" mode="w" >
%5.2lf%s
</property>
<property type="string" id="legend" mode="w" >
${graphPoint/id}
</property>
<property type="long" id="limit" mode="w" >
-1
</property>
<property type="string" id="dpName" mode="w" >
ZenJMX Open File Descriptors_OpenFileDescriptorCount
</property>
<property type="string" id="cFunc" mode="w" >
AVERAGE
</property>
</object>
</tomanycont>
</object>
<object id='ZenJMX Thread Count' module='Products.ZenModel.GraphDefinition' class='GraphDefinition'>
<property type="int" id="height" mode="w" >
100
</property>
<property type="int" id="width" mode="w" >
500
</property>
<property type="boolean" id="log" mode="w" >
False
</property>
<property type="boolean" id="base" mode="w" >
False
</property>
<property type="int" id="miny" mode="w" >
-1
</property>
<property type="int" id="maxy" mode="w" >
-1
</property>
<property type="boolean" id="hasSummary" mode="w" >
True
</property>
<property type="long" id="sequence" mode="w" >
3
</property>
<tomanycont id='graphPoints'>
<object id='ZenJMX Thread Count_ThreadCount' module='Products.ZenModel.DataPointGraphPoint' class='DataPointGraphPoint'>
<property select_variable="lineTypes" type="selection" id="lineType" mode="w" >
LINE
</property>
<property type="long" id="lineWidth" mode="w" >
1
</property>
<property type="boolean" id="stacked" mode="w" >
False
</property>
<property type="string" id="format" mode="w" >
%5.2lf%s
</property>
<property type="string" id="legend" mode="w" >
${graphPoint/id}
</property>
<property type="long" id="limit" mode="w" >
-1
</property>
<property type="string" id="dpName" mode="w" >
ZenJMX Thread Count_ThreadCount
</property>
<property type="string" id="cFunc" mode="w" >
AVERAGE
</property>
</object>
</tomanycont>
</object>
</tomanycont>
</object>
<!-- ('', 'zport', 'dmd', 'Events', 'Status', 'JMX') -->
<object id='/zport/dmd/Events/Status/JMX' module='Products.ZenEvents.EventClass' class='EventClass'>
<object id='Connection' module='Products.ZenEvents.EventClass' class='EventClass'>
</object>
</object>
<!-- OSProcess definition -->
<object id='/zport/dmd/Processes/Zenoss' module='Products.ZenModel.OSProcessOrganizer' class='OSProcessOrganizer'>
    <tomanycont id='osProcessClasses'>
        <object id='zenjmx' module='Products.ZenModel.OSProcessClass' class='OSProcessClass'>
            <property id='zendoc' type='string'>
                Provides monitoring for remote JMX agents.
            </property>
            <property type="string" id="name" mode="w" >
                zenjmx
            </property>
            <property type="string" id="regex" mode="w" >
                .*zenjmx.*
            </property>
            <property type="boolean" id="ignoreParametersWhenModeling" mode="w" >
                False
            </property>
            <property type="boolean" id="ignoreParameters" mode="w" >
                False
            </property>
            <property type="text" id="description" mode="w" >
                Provides monitoring for remote JMX agents.
            </property>
        </object>
    </tomanycont>
</object>
</objects>
