<s:Envelope xmlns:s="http://www.w3.org/2003/05/soap-envelope" xmlns:a="http://schemas.xmlsoap.org/ws/2004/08/addressing" xmlns:w="http://schemas.dmtf.org/wbem/wsman/1/wsman.xsd" xmlns:p="http://schemas.microsoft.com/wbem/wsman/1/wsman.xsd">
    <s:Header>
        <a:To>http://gilroy:5985/wsman</a:To>
        <w:ResourceURI s:mustUnderstand="true">http://schemas.microsoft.com/wbem/wsman/1/windows/shell/cmd</w:ResourceURI>
        <a:ReplyTo>
            <a:Address s:mustUnderstand="true">http://schemas.xmlsoap.org/ws/2004/08/addressing/role/anonymous</a:Address>
        </a:ReplyTo>
        <a:Action s:mustUnderstand="true">http://schemas.microsoft.com/wbem/wsman/1/windows/shell/Command</a:Action>
        <w:MaxEnvelopeSize s:mustUnderstand="true">153600</w:MaxEnvelopeSize>
        <a:MessageID>uuid:799002D6-F3D9-4CAF-968F-D2802410148F</a:MessageID>
        <w:Locale xml:lang="en-US" s:mustUnderstand="false" />
        <p:DataLocale xml:lang="en-US" s:mustUnderstand="false" />
        <w:SelectorSet>
            <w:Selector Name="ShellId">{shell_id}</w:Selector>
        </w:SelectorSet>
        <w:OptionSet xmlns:xsi="http://www.w3.org/2001/XMLSchema-instance">
            <w:Option Name="WINRS_CONSOLEMODE_STDIN">TRUE</w:Option>
        </w:OptionSet>
        <w:OperationTimeout>PT{timeout}.000S</w:OperationTimeout>
    </s:Header>
    <s:Body>{command_line_elem}</s:Body>
</s:Envelope>