<s:Envelope xmlns:s="http://www.w3.org/2003/05/soap-envelope" xmlns:a="http://schemas.xmlsoap.org/ws/2004/08/addressing" xmlns:w="http://schemas.dmtf.org/wbem/wsman/1/wsman.xsd" xmlns:p="http://schemas.microsoft.com/wbem/wsman/1/wsman.xsd">
    <s:Header>
        <a:To>http://gilroy:5985/wsman</a:To>
        <w:ResourceURI s:mustUnderstand="true">http://schemas.microsoft.com/wbem/wsman/1/windows/shell/cmd</w:ResourceURI>
        <a:ReplyTo>
            <a:Address s:mustUnderstand="true">http://schemas.xmlsoap.org/ws/2004/08/addressing/role/anonymous</a:Address>
        </a:ReplyTo>
        <a:Action s:mustUnderstand="true">http://schemas.xmlsoap.org/ws/2004/09/transfer/Create</a:Action>
        <w:MaxEnvelopeSize s:mustUnderstand="true">153600</w:MaxEnvelopeSize>
        <a:MessageID>uuid:D515053B-134D-4B63-9DA9-6FA9C520A6B4</a:MessageID>
        <w:Locale xml:lang="en-US" s:mustUnderstand="false" />
        <p:DataLocale xml:lang="en-US" s:mustUnderstand="false" />
        <w:OptionSet xmlns:xsi="http://www.w3.org/2001/XMLSchema-instance">
            <w:Option Name="WINRS_NOPROFILE">FALSE</w:Option>
            <w:Option Name="WINRS_CODEPAGE">437</w:Option>
        </w:OptionSet>
        <w:OperationTimeout>PT60.000S</w:OperationTimeout>
    </s:Header>
    <s:Body>
        <rsp:Shell xmlns:rsp="http://schemas.microsoft.com/wbem/wsman/1/windows/shell">
            <rsp:InputStreams>stdin</rsp:InputStreams>
            <rsp:OutputStreams>stdout stderr</rsp:OutputStreams>
        </rsp:Shell>
    </s:Body>
</s:Envelope>
