<s:Envelope xmlns:s="http://www.w3.org/2003/05/soap-envelope" xmlns:a="http://schemas.xmlsoap.org/ws/2004/08/addressing" xmlns:w="http://schemas.dmtf.org/wbem/wsman/1/wsman.xsd" xmlns:p="http://schemas.microsoft.com/wbem/wsman/1/wsman.xsd">
    <s:Header>
        <a:To>http://gilroy:5985/wsman</a:To>
        <a:ReplyTo>
            <a:Address s:mustUnderstand="true">http://schemas.xmlsoap.org/ws/2004/08/addressing/role/anonymous</a:Address>
        </a:ReplyTo>
        <a:Action s:mustUnderstand="true">http://schemas.microsoft.com/wbem/wsman/1/windows/shell/Signal</a:Action>
        <w:MaxEnvelopeSize s:mustUnderstand="true">153600</w:MaxEnvelopeSize>
        <a:MessageID>uuid:9EE2148F-83C8-462E-8323-0B46F34951CE</a:MessageID>
        <w:Locale xml:lang="en-US" s:mustUnderstand="false" />
        <p:DataLocale xml:lang="en-US" s:mustUnderstand="false" />
        <w:ResourceURI xmlns:w="http://schemas.dmtf.org/wbem/wsman/1/wsman.xsd">http://schemas.microsoft.com/wbem/wsman/1/windows/shell/cmd</w:ResourceURI>
        <w:SelectorSet xmlns:w="http://schemas.dmtf.org/wbem/wsman/1/wsman.xsd" xmlns="http://schemas.dmtf.org/wbem/wsman/1/wsman.xsd">
            <w:Selector Name="ShellId">{shell_id}</w:Selector>
        </w:SelectorSet>
        <w:OperationTimeout>PT60.000S</w:OperationTimeout>
    </s:Header>
    <s:Body>
        <rsp:Signal xmlns:rsp="http://schemas.microsoft.com/wbem/wsman/1/windows/shell" CommandId="{command_id}">
            <rsp:Code>{signal_code}</rsp:Code>
        </rsp:Signal>
    </s:Body>
</s:Envelope>
